Count,Point,Cross Track,Max Error,x,y
-1,-1,0,0,-1,-1
0,0,0.0,0,0.0,0.0
0,0,0.0,0,0.0,0.0
0,0,0.0,0,0.0,0.0
0,0,0.0,0,0.0,0.0
0,0,0.0,0,0.0,0.0
0,0,0.0,0,0.0,0.0
0,0,0.0,0,0.0,0.0
0,0,0.0,0,0.0,0.0
0,0,0.0,0,0.0,0.0
0,0,0.0,0,0.0,0.0
0,0,0.0,0,0.0,0.0
0,0,0.0,0,0.0,0.0
0,0,0.0,0,0.0,0.0
0,0,0.0,0,0.0,0.0
0,0,0.0,0,0.0,0.0
0,0,0.0,0,0.0,0.0
0,0,0.0,0,0.0,0.0
0,0,0.0,0,0.0,0.0
0,0,0.0,0,0.0,0.0
0,0,0.0,0,0.0,0.0
0,0,0.0,0,0.0,0.0
0,0,0.0,0,0.0,0.0
0,0,0.0,0,0.0,0.0
0,0,0.0,0,0.0,0.0
0,0,0.0,0,0.0,0.0
0,0,0.0,0,0.0,0.0
0,0,0.0,0,0.0,0.0
0,0,0.012358396711881837,0.012358396711881837,0.0,0.0
0,0,0.012358396711881837,0.012358396711881837,0.0,0.0
0,0,0.012358396711881837,0.012358396711881837,0.0,0.0
0,0,0.012358396711881837,0.012358396711881837,0.0,0.0
0,0,0.012358396711881837,0.012358396711881837,0.0,0.0
0,0,0.019574263846397818,0.019574263846397818,0.0,0.0
0,0,0.019574263846397818,0.019574263846397818,0.0,0.0
0,0,0.019574263846397818,0.019574263846397818,0.0,0.0
0,0,0.019574263846397818,0.019574263846397818,0.0,0.0
0,0,0.019574263846397818,0.019574263846397818,0.0,0.0
0,0,0.01592187675557128,0.019574263846397818,0.0,0.0
0,0,0.01592187675557128,0.019574263846397818,0.0,0.0
0,0,0.01592187675557128,0.019574263846397818,0.0,0.0
0,0,0.01592187675557128,0.019574263846397818,0.0,0.0
0,0,0.01592187675557128,0.019574263846397818,0.0,0.0
0,0,0.007764561463439355,0.019574263846397818,0.0,0.0
0,0,0.007764561463439355,0.019574263846397818,0.0,0.0
0,0,0.007764561463439355,0.019574263846397818,0.0,0.0
0,0,0.007764561463439355,0.019574263846397818,0.0,0.0
0,0,0.007764561463439355,0.019574263846397818,0.0,0.0
1,0,0.008101537113813118,0.019574263846397818,0.0,0.0
2,0,0.008101537113813118,0.019574263846397818,0.0,0.0
3,0,0.008101537113813118,0.019574263846397818,0.0,0.0
4,0,0.008101537113813118,0.019574263846397818,0.0,0.0
5,0,0.008101537113813118,0.019574263846397818,0.0,0.0
6,0,0.03207219154476778,0.03207219154476778,0.0,0.0
7,0,0.03207219154476778,0.03207219154476778,0.0,0.0
8,0,0.03207219154476778,0.03207219154476778,0.0,0.0
9,0,0.03207219154476778,0.03207219154476778,0.0,0.0
10,0,0.03207219154476778,0.03207219154476778,0.0,0.0
11,0,0.03457114689992209,0.03457114689992209,0.0,0.0
12,0,0.03457114689992209,0.03457114689992209,0.0,0.0
13,0,0.03457114689992209,0.03457114689992209,0.0,0.0
14,0,0.03457114689992209,0.03457114689992209,0.0,0.0
15,0,0.03457114689992209,0.03457114689992209,0.0,0.0
16,0,0.03457114689992209,0.03457114689992209,0.0,0.0
17,0,0.033899484447109406,0.03457114689992209,0.0,0.0
18,0,0.033899484447109406,0.03457114689992209,0.0,0.0
19,0,0.033899484447109406,0.03457114689992209,0.0,0.0
20,0,0.033899484447109406,0.03457114689992209,0.0,0.0
21,0,0.0356405471193748,0.0356405471193748,0.0,0.0
22,0,0.0356405471193748,0.0356405471193748,0.0,0.0
23,0,0.0356405471193748,0.0356405471193748,0.0,0.0
24,0,0.0356405471193748,0.0356405471193748,0.0,0.0
25,0,0.0356405471193748,0.0356405471193748,0.0,0.0
26,0,0.040549739912942286,0.040549739912942286,0.0,0.0
27,0,0.040549739912942286,0.040549739912942286,0.0,0.0
28,0,0.040549739912942286,0.040549739912942286,0.0,0.0
29,0,0.040549739912942286,0.040549739912942286,0.0,0.0
30,0,0.040549739912942286,0.040549739912942286,0.0,0.0
31,0,0.032760572512695964,0.040549739912942286,0.0,0.0
32,0,0.032760572512695964,0.040549739912942286,0.0,0.0
33,0,0.032760572512695964,0.040549739912942286,0.0,0.0
34,0,0.032760572512695964,0.040549739912942286,0.0,0.0
35,0,0.032760572512695964,0.040549739912942286,0.0,0.0
36,0,0.04738050606778408,0.04738050606778408,0.0,0.0
37,0,0.04738050606778408,0.04738050606778408,0.0,0.0
38,0,0.04738050606778408,0.04738050606778408,0.0,0.0
39,0,0.04738050606778408,0.04738050606778408,0.0,0.0
40,0,0.04738050606778408,0.04738050606778408,0.0,0.0
41,0,0.05528257588308368,0.05528257588308368,0.0,0.0
42,0,0.05528257588308368,0.05528257588308368,0.0,0.0
43,0,0.05528257588308368,0.05528257588308368,0.0,0.0
44,0,0.05528257588308368,0.05528257588308368,0.0,0.0
45,0,0.05528257588308368,0.05528257588308368,0.0,0.0
46,0,0.05185970921450569,0.05528257588308368,0.0,0.0
47,0,0.05185970921450569,0.05528257588308368,0.0,0.0
48,0,0.05185970921450569,0.05528257588308368,0.0,0.0
49,0,0.05185970921450569,0.05528257588308368,0.0,0.0
50,0,0.05185970921450569,0.05528257588308368,0.0,0.0
51,0,0.05185970921450569,0.05528257588308368,0.0,0.0
52,1,0.040179740723304505,0.05528257588308368,0.1,0.0
53,1,0.040179740723304505,0.05528257588308368,0.1,0.0
54,1,0.040179740723304505,0.05528257588308368,0.1,0.0
55,1,0.040179740723304505,0.05528257588308368,0.1,0.0
56,1,0.035360986975803095,0.05528257588308368,0.1,0.0
57,1,0.035360986975803095,0.05528257588308368,0.1,0.0
58,1,0.035360986975803095,0.05528257588308368,0.1,0.0
59,1,0.035360986975803095,0.05528257588308368,0.1,0.0
60,1,0.035360986975803095,0.05528257588308368,0.1,0.0
61,1,0.0423768935310331,0.05528257588308368,0.1,0.0
62,1,0.0423768935310331,0.05528257588308368,0.1,0.0
63,1,0.0423768935310331,0.05528257588308368,0.1,0.0
64,1,0.0423768935310331,0.05528257588308368,0.1,0.0
65,1,0.0423768935310331,0.05528257588308368,0.1,0.0
66,1,0.0423768935310331,0.05528257588308368,0.1,0.0
67,1,0.06095837284188425,0.06095837284188425,0.1,0.0
68,1,0.06095837284188425,0.06095837284188425,0.1,0.0
69,1,0.06095837284188425,0.06095837284188425,0.1,0.0
70,1,0.06095837284188425,0.06095837284188425,0.1,0.0
71,1,0.06095837284188425,0.06095837284188425,0.1,0.0
72,1,0.07002727786629902,0.07002727786629902,0.1,0.0
73,1,0.07002727786629902,0.07002727786629902,0.1,0.0
74,1,0.07002727786629902,0.07002727786629902,0.1,0.0
75,1,0.07002727786629902,0.07002727786629902,0.1,0.0
76,1,0.07780314482035122,0.07780314482035122,0.1,0.0
77,1,0.07780314482035122,0.07780314482035122,0.1,0.0
78,1,0.07780314482035122,0.07780314482035122,0.1,0.0
79,1,0.07780314482035122,0.07780314482035122,0.1,0.0
80,1,0.07780314482035122,0.07780314482035122,0.1,0.0
81,2,0.08415910128849136,0.08415910128849136,0.2,0.0
82,2,0.08415910128849136,0.08415910128849136,0.2,0.0
83,2,0.08415910128849136,0.08415910128849136,0.2,0.0
84,2,0.08415910128849136,0.08415910128849136,0.2,0.0
85,2,0.08415910128849136,0.08415910128849136,0.2,0.0
86,2,0.09931576974259307,0.09931576974259307,0.2,0.0
87,2,0.09931576974259307,0.09931576974259307,0.2,0.0
88,2,0.09931576974259307,0.09931576974259307,0.2,0.0
89,2,0.09931576974259307,0.09931576974259307,0.2,0.0
90,2,0.09931576974259307,0.09931576974259307,0.2,0.0
91,2,0.09931576974259307,0.09931576974259307,0.2,0.0
92,2,0.09078790294635779,0.09931576974259307,0.2,0.0
93,2,0.09078790294635779,0.09931576974259307,0.2,0.0
94,2,0.09078790294635779,0.09931576974259307,0.2,0.0
95,2,0.09078790294635779,0.09931576974259307,0.2,0.0
96,2,0.08171854563360341,0.09931576974259307,0.2,0.0
97,2,0.08171854563360341,0.09931576974259307,0.2,0.0
98,2,0.08171854563360341,0.09931576974259307,0.2,0.0
99,2,0.08171854563360341,0.09931576974259307,0.2,0.0
100,2,0.08171854563360341,0.09931576974259307,0.2,0.0
101,2,0.08891585776885734,0.09931576974259307,0.2,0.0
102,2,0.08891585776885734,0.09931576974259307,0.2,0.0
103,2,0.08891585776885734,0.09931576974259307,0.2,0.0
104,2,0.08891585776885734,0.09931576974259307,0.2,0.0
105,2,0.08891585776885734,0.09931576974259307,0.2,0.0
106,3,0.08496454583463738,0.09931576974259307,0.30000000000000004,0.0
107,3,0.08496454583463738,0.09931576974259307,0.30000000000000004,0.0
108,3,0.08496454583463738,0.09931576974259307,0.30000000000000004,0.0
109,3,0.08496454583463738,0.09931576974259307,0.30000000000000004,0.0
110,3,0.08496454583463738,0.09931576974259307,0.30000000000000004,0.0
111,3,0.07389319316746244,0.09931576974259307,0.30000000000000004,0.0
112,3,0.07389319316746244,0.09931576974259307,0.30000000000000004,0.0
113,3,0.07389319316746244,0.09931576974259307,0.30000000000000004,0.0
114,3,0.07389319316746244,0.09931576974259307,0.30000000000000004,0.0
115,3,0.07389319316746244,0.09931576974259307,0.30000000000000004,0.0
116,3,0.08795324903366686,0.09931576974259307,0.30000000000000004,0.0
117,3,0.08795324903366686,0.09931576974259307,0.30000000000000004,0.0
118,3,0.08795324903366686,0.09931576974259307,0.30000000000000004,0.0
119,3,0.08795324903366686,0.09931576974259307,0.30000000000000004,0.0
120,3,0.08795324903366686,0.09931576974259307,0.30000000000000004,0.0
121,4,0.09112624070712273,0.09931576974259307,0.4,0.0
122,4,0.09112624070712273,0.09931576974259307,0.4,0.0
123,4,0.09112624070712273,0.09931576974259307,0.4,0.0
124,4,0.09112624070712273,0.09931576974259307,0.4,0.0
125,4,0.09112624070712273,0.09931576974259307,0.4,0.0
126,4,0.09578687371724072,0.09931576974259307,0.4,0.0
127,4,0.09578687371724072,0.09931576974259307,0.4,0.0
128,4,0.09578687371724072,0.09931576974259307,0.4,0.0
129,4,0.09578687371724072,0.09931576974259307,0.4,0.0
130,4,0.09578687371724072,0.09931576974259307,0.4,0.0
131,4,0.0933466619084059,0.09931576974259307,0.4,0.0
132,4,0.0933466619084059,0.09931576974259307,0.4,0.0
133,4,0.0933466619084059,0.09931576974259307,0.4,0.0
134,4,0.0933466619084059,0.09931576974259307,0.4,0.0
135,4,0.0933466619084059,0.09931576974259307,0.4,0.0
136,4,0.11395816948385895,0.11395816948385895,0.4,0.0
137,4,0.11395816948385895,0.11395816948385895,0.4,0.0
138,4,0.11395816948385895,0.11395816948385895,0.4,0.0
139,4,0.11395816948385895,0.11395816948385895,0.4,0.0
140,4,0.11395816948385895,0.11395816948385895,0.4,0.0
141,5,0.1153634199457937,0.1153634199457937,0.5,0.0
142,5,0.1153634199457937,0.1153634199457937,0.5,0.0
143,5,0.1153634199457937,0.1153634199457937,0.5,0.0
144,5,0.1153634199457937,0.1153634199457937,0.5,0.0
145,5,0.1153634199457937,0.1153634199457937,0.5,0.0
146,5,0.10254196685094309,0.1153634199457937,0.5,0.0
147,5,0.10254196685094309,0.1153634199457937,0.5,0.0
148,5,0.10254196685094309,0.1153634199457937,0.5,0.0
149,5,0.10254196685094309,0.1153634199457937,0.5,0.0
150,5,0.10254196685094309,0.1153634199457937,0.5,0.0
151,5,0.10254196685094309,0.1153634199457937,0.5,0.0
152,5,0.10583610797306162,0.1153634199457937,0.5,0.0
153,5,0.10583610797306162,0.1153634199457937,0.5,0.0
154,5,0.10583610797306162,0.1153634199457937,0.5,0.0
155,5,0.10583610797306162,0.1153634199457937,0.5,0.0
156,5,0.13439238288485564,0.13439238288485564,0.5,0.0
157,5,0.13439238288485564,0.13439238288485564,0.5,0.0
158,5,0.13439238288485564,0.13439238288485564,0.5,0.0
159,5,0.13439238288485564,0.13439238288485564,0.5,0.0
160,5,0.13439238288485564,0.13439238288485564,0.5,0.0
161,6,0.13940258918275245,0.13940258918275245,0.6,0.0
162,6,0.13940258918275245,0.13940258918275245,0.6,0.0
163,6,0.13940258918275245,0.13940258918275245,0.6,0.0
164,6,0.13940258918275245,0.13940258918275245,0.6,0.0
165,6,0.13940258918275245,0.13940258918275245,0.6,0.0
166,6,0.12355423964892251,0.13940258918275245,0.6,0.0
167,6,0.12355423964892251,0.13940258918275245,0.6,0.0
168,6,0.12355423964892251,0.13940258918275245,0.6,0.0
169,6,0.12355423964892251,0.13940258918275245,0.6,0.0
170,6,0.12355423964892251,0.13940258918275245,0.6,0.0
171,6,0.10755498315716232,0.13940258918275245,0.6,0.0
172,6,0.10755498315716232,0.13940258918275245,0.6,0.0
173,6,0.10755498315716232,0.13940258918275245,0.6,0.0
174,6,0.10755498315716232,0.13940258918275245,0.6,0.0
175,6,0.10755498315716232,0.13940258918275245,0.6,0.0
176,6,0.11664450881947896,0.13940258918275245,0.6,0.0
177,6,0.11664450881947896,0.13940258918275245,0.6,0.0
178,6,0.11664450881947896,0.13940258918275245,0.6,0.0
179,6,0.11664450881947896,0.13940258918275245,0.6,0.0
180,6,0.11664450881947896,0.13940258918275245,0.6,0.0
181,7,0.10186785666412604,0.13940258918275245,0.7,0.0
182,7,0.10186785666412604,0.13940258918275245,0.7,0.0
183,7,0.10186785666412604,0.13940258918275245,0.7,0.0
184,7,0.10186785666412604,0.13940258918275245,0.7,0.0
185,7,0.10186785666412604,0.13940258918275245,0.7,0.0
186,7,0.10882096224224769,0.13940258918275245,0.7,0.0
187,7,0.10882096224224769,0.13940258918275245,0.7,0.0
188,7,0.10882096224224769,0.13940258918275245,0.7,0.0
189,7,0.10882096224224769,0.13940258918275245,0.7,0.0
190,7,0.10882096224224769,0.13940258918275245,0.7,0.0
191,7,0.09758615225137308,0.13940258918275245,0.7,0.0
192,7,0.09758615225137308,0.13940258918275245,0.7,0.0
193,7,0.09758615225137308,0.13940258918275245,0.7,0.0
194,7,0.09758615225137308,0.13940258918275245,0.7,0.0
195,7,0.09758615225137308,0.13940258918275245,0.7,0.0
196,8,0.1066452934568697,0.13940258918275245,0.7999999999999999,0.0
197,8,0.1066452934568697,0.13940258918275245,0.7999999999999999,0.0
198,8,0.1066452934568697,0.13940258918275245,0.7999999999999999,0.0
199,8,0.1066452934568697,0.13940258918275245,0.7999999999999999,0.0
200,8,0.1066452934568697,0.13940258918275245,0.7999999999999999,0.0
201,8,0.0971070819437924,0.13940258918275245,0.7999999999999999,0.0
202,8,0.0971070819437924,0.13940258918275245,0.7999999999999999,0.0
203,8,0.0971070819437924,0.13940258918275245,0.7999999999999999,0.0
204,8,0.0971070819437924,0.13940258918275245,0.7999999999999999,0.0
205,8,0.0971070819437924,0.13940258918275245,0.7999999999999999,0.0
206,8,0.09951717114535588,0.13940258918275245,0.7999999999999999,0.0
207,8,0.09951717114535588,0.13940258918275245,0.7999999999999999,0.0
208,8,0.09951717114535588,0.13940258918275245,0.7999999999999999,0.0
209,8,0.09951717114535588,0.13940258918275245,0.7999999999999999,0.0
210,8,0.09951717114535588,0.13940258918275245,0.7999999999999999,0.0
211,9,0.09807396302760642,0.13940258918275245,0.8999999999999999,0.0
212,9,0.09807396302760642,0.13940258918275245,0.8999999999999999,0.0
213,9,0.09807396302760642,0.13940258918275245,0.8999999999999999,0.0
214,9,0.09807396302760642,0.13940258918275245,0.8999999999999999,0.0
215,9,0.09807396302760642,0.13940258918275245,0.8999999999999999,0.0
216,9,0.09508266743735411,0.13940258918275245,0.8999999999999999,0.0
217,9,0.09508266743735411,0.13940258918275245,0.8999999999999999,0.0
218,9,0.09508266743735411,0.13940258918275245,0.8999999999999999,0.0
219,9,0.09508266743735411,0.13940258918275245,0.8999999999999999,0.0
220,9,0.09508266743735411,0.13940258918275245,0.8999999999999999,0.0
221,10,0.11398606365259155,0.13940258918275245,0.9999999999999999,0.0
222,10,0.11398606365259155,0.13940258918275245,0.9999999999999999,0.0
223,10,0.11398606365259155,0.13940258918275245,0.9999999999999999,0.0
224,10,0.11398606365259155,0.13940258918275245,0.9999999999999999,0.0
225,10,0.11398606365259155,0.13940258918275245,0.9999999999999999,0.0
226,10,0.11398606365259155,0.13940258918275245,0.9999999999999999,0.0
227,10,0.11965385394419592,0.13940258918275245,0.9999999999999999,0.0
228,10,0.11965385394419592,0.13940258918275245,0.9999999999999999,0.0
229,10,0.11965385394419592,0.13940258918275245,0.9999999999999999,0.0
230,10,0.11965385394419592,0.13940258918275245,0.9999999999999999,0.0
231,10,0.11842395111592754,0.13940258918275245,0.9999999999999999,0.0
232,10,0.11842395111592754,0.13940258918275245,0.9999999999999999,0.0
233,10,0.11842395111592754,0.13940258918275245,0.9999999999999999,0.0
234,10,0.11842395111592754,0.13940258918275245,0.9999999999999999,0.0
235,10,0.11842395111592754,0.13940258918275245,0.9999999999999999,0.0
236,11,0.13098813374948734,0.13940258918275245,1.0999999999999999,0.0
237,11,0.13098813374948734,0.13940258918275245,1.0999999999999999,0.0
238,11,0.13098813374948734,0.13940258918275245,1.0999999999999999,0.0
239,11,0.13098813374948734,0.13940258918275245,1.0999999999999999,0.0
240,11,0.13098813374948734,0.13940258918275245,1.0999999999999999,0.0
241,11,0.13098813374948734,0.13940258918275245,1.0999999999999999,0.0
242,11,0.12385951822037121,0.13940258918275245,1.0999999999999999,0.0
243,11,0.12385951822037121,0.13940258918275245,1.0999999999999999,0.0
244,11,0.12385951822037121,0.13940258918275245,1.0999999999999999,0.0
245,11,0.12385951822037121,0.13940258918275245,1.0999999999999999,0.0
246,11,0.13386923490191205,0.13940258918275245,1.0999999999999999,0.0
247,11,0.13386923490191205,0.13940258918275245,1.0999999999999999,0.0
248,11,0.13386923490191205,0.13940258918275245,1.0999999999999999,0.0
249,11,0.13386923490191205,0.13940258918275245,1.0999999999999999,0.0
250,11,0.13386923490191205,0.13940258918275245,1.0999999999999999,0.0
251,12,0.11722937411816624,0.13940258918275245,1.2,0.0
252,12,0.11722937411816624,0.13940258918275245,1.2,0.0
253,12,0.11722937411816624,0.13940258918275245,1.2,0.0
254,12,0.11722937411816624,0.13940258918275245,1.2,0.0
255,12,0.11722937411816624,0.13940258918275245,1.2,0.0
256,12,0.12547385575745376,0.13940258918275245,1.2,0.0
257,12,0.12547385575745376,0.13940258918275245,1.2,0.0
258,12,0.12547385575745376,0.13940258918275245,1.2,0.0
259,12,0.12547385575745376,0.13940258918275245,1.2,0.0
260,12,0.12547385575745376,0.13940258918275245,1.2,0.0
261,12,0.12547385575745376,0.13940258918275245,1.2,0.0
262,13,0.10793001470753248,0.13940258918275245,1.3,0.0
263,13,0.10793001470753248,0.13940258918275245,1.3,0.0
264,13,0.10793001470753248,0.13940258918275245,1.3,0.0
265,13,0.10793001470753248,0.13940258918275245,1.3,0.0
266,13,0.10728674749123304,0.13940258918275245,1.3,0.0
267,13,0.10728674749123304,0.13940258918275245,1.3,0.0
268,13,0.10728674749123304,0.13940258918275245,1.3,0.0
269,13,0.10728674749123304,0.13940258918275245,1.3,0.0
270,13,0.10728674749123304,0.13940258918275245,1.3,0.0
271,14,0.10319359583984147,0.13940258918275245,1.4000000000000001,0.0
272,14,0.10319359583984147,0.13940258918275245,1.4000000000000001,0.0
273,14,0.10319359583984147,0.13940258918275245,1.4000000000000001,0.0
274,14,0.10319359583984147,0.13940258918275245,1.4000000000000001,0.0
275,14,0.10319359583984147,0.13940258918275245,1.4000000000000001,0.0
276,14,0.07110652164960249,0.13940258918275245,1.4000000000000001,0.0
277,14,0.07110652164960249,0.13940258918275245,1.4000000000000001,0.0
278,14,0.07110652164960249,0.13940258918275245,1.4000000000000001,0.0
279,14,0.07110652164960249,0.13940258918275245,1.4000000000000001,0.0
280,14,0.07110652164960249,0.13940258918275245,1.4000000000000001,0.0
281,15,0.06604614013910202,0.13940258918275245,1.5000000000000002,0.0
282,15,0.06604614013910202,0.13940258918275245,1.5000000000000002,0.0
283,15,0.06604614013910202,0.13940258918275245,1.5000000000000002,0.0
284,15,0.06604614013910202,0.13940258918275245,1.5000000000000002,0.0
285,15,0.06604614013910202,0.13940258918275245,1.5000000000000002,0.0
286,15,0.06604614013910202,0.13940258918275245,1.5000000000000002,0.0
287,15,0.08026579661594893,0.13940258918275245,1.5000000000000002,0.0
288,15,0.08026579661594893,0.13940258918275245,1.5000000000000002,0.0
289,15,0.08026579661594893,0.13940258918275245,1.5000000000000002,0.0
290,15,0.08026579661594893,0.13940258918275245,1.5000000000000002,0.0
291,16,0.05924558484336603,0.13940258918275245,1.6000000000000003,0.0
292,16,0.05924558484336603,0.13940258918275245,1.6000000000000003,0.0
293,16,0.05924558484336603,0.13940258918275245,1.6000000000000003,0.0
294,16,0.05924558484336603,0.13940258918275245,1.6000000000000003,0.0
295,16,0.05924558484336603,0.13940258918275245,1.6000000000000003,0.0
296,16,0.08185154361107035,0.13940258918275245,1.6000000000000003,0.0
297,16,0.08185154361107035,0.13940258918275245,1.6000000000000003,0.0
298,16,0.08185154361107035,0.13940258918275245,1.6000000000000003,0.0
299,16,0.08185154361107035,0.13940258918275245,1.6000000000000003,0.0
300,16,0.08185154361107035,0.13940258918275245,1.6000000000000003,0.0
301,17,0.06673078739490176,0.13940258918275245,1.7000000000000004,0.0
302,17,0.06673078739490176,0.13940258918275245,1.7000000000000004,0.0
303,17,0.06673078739490176,0.13940258918275245,1.7000000000000004,0.0
304,17,0.06673078739490176,0.13940258918275245,1.7000000000000004,0.0
305,17,0.06673078739490176,0.13940258918275245,1.7000000000000004,0.0
306,17,0.06878387277716075,0.13940258918275245,1.7000000000000004,0.0
307,17,0.06878387277716075,0.13940258918275245,1.7000000000000004,0.0
308,17,0.06878387277716075,0.13940258918275245,1.7000000000000004,0.0
309,17,0.06878387277716075,0.13940258918275245,1.7000000000000004,0.0
310,17,0.06878387277716075,0.13940258918275245,1.7000000000000004,0.0
311,17,0.06878387277716075,0.13940258918275245,1.7000000000000004,0.0
312,18,0.0612606792853274,0.13940258918275245,1.8000000000000005,0.0
313,18,0.0612606792853274,0.13940258918275245,1.8000000000000005,0.0
314,18,0.0612606792853274,0.13940258918275245,1.8000000000000005,0.0
315,18,0.0612606792853274,0.13940258918275245,1.8000000000000005,0.0
316,18,0.053051350996737835,0.13940258918275245,1.8000000000000005,0.0
317,18,0.053051350996737835,0.13940258918275245,1.8000000000000005,0.0
318,18,0.053051350996737835,0.13940258918275245,1.8000000000000005,0.0
319,18,0.053051350996737835,0.13940258918275245,1.8000000000000005,0.0
320,18,0.053051350996737835,0.13940258918275245,1.8000000000000005,0.0
321,19,0.02898834764806653,0.13940258918275245,1.9000000000000006,0.0
322,19,0.02898834764806653,0.13940258918275245,1.9000000000000006,0.0
323,19,0.02898834764806653,0.13940258918275245,1.9000000000000006,0.0
324,19,0.02898834764806653,0.13940258918275245,1.9000000000000006,0.0
325,19,0.02898834764806653,0.13940258918275245,1.9000000000000006,0.0
326,19,0.03574137780099384,0.13940258918275245,1.9000000000000006,0.0
327,19,0.03574137780099384,0.13940258918275245,1.9000000000000006,0.0
328,19,0.03574137780099384,0.13940258918275245,1.9000000000000006,0.0
329,19,0.03574137780099384,0.13940258918275245,1.9000000000000006,0.0
330,19,0.03574137780099384,0.13940258918275245,1.9000000000000006,0.0
331,20,0.019554777599725317,0.13940258918275245,2.0000000000000004,0.0
332,20,0.019554777599725317,0.13940258918275245,2.0000000000000004,0.0
333,20,0.019554777599725317,0.13940258918275245,2.0000000000000004,0.0
334,20,0.019554777599725317,0.13940258918275245,2.0000000000000004,0.0
335,20,0.019554777599725317,0.13940258918275245,2.0000000000000004,0.0
336,20,0.033843519731957254,0.13940258918275245,2.0000000000000004,0.0
337,20,0.033843519731957254,0.13940258918275245,2.0000000000000004,0.0
338,20,0.033843519731957254,0.13940258918275245,2.0000000000000004,0.0
339,20,0.033843519731957254,0.13940258918275245,2.0000000000000004,0.0
340,20,0.033843519731957254,0.13940258918275245,2.0000000000000004,0.0
341,21,0.025716902426195086,0.13940258918275245,2.1000000000000005,0.0
342,21,0.025716902426195086,0.13940258918275245,2.1000000000000005,0.0
343,21,0.025716902426195086,0.13940258918275245,2.1000000000000005,0.0
344,21,0.025716902426195086,0.13940258918275245,2.1000000000000005,0.0
345,21,0.025716902426195086,0.13940258918275245,2.1000000000000005,0.0
346,21,0.03347583562647675,0.13940258918275245,2.1000000000000005,0.0
347,21,0.03347583562647675,0.13940258918275245,2.1000000000000005,0.0
348,21,0.03347583562647675,0.13940258918275245,2.1000000000000005,0.0
349,21,0.03347583562647675,0.13940258918275245,2.1000000000000005,0.0
350,21,0.03347583562647675,0.13940258918275245,2.1000000000000005,0.0
351,22,0.047569940194968734,0.13940258918275245,2.2000000000000006,0.0
352,22,0.047569940194968734,0.13940258918275245,2.2000000000000006,0.0
353,22,0.047569940194968734,0.13940258918275245,2.2000000000000006,0.0
354,22,0.047569940194968734,0.13940258918275245,2.2000000000000006,0.0
355,22,0.047569940194968734,0.13940258918275245,2.2000000000000006,0.0
356,23,0.07835031723076079,0.13940258918275245,2.3000000000000007,0.0
357,23,0.07835031723076079,0.13940258918275245,2.3000000000000007,0.0
358,23,0.07835031723076079,0.13940258918275245,2.3000000000000007,0.0
359,23,0.07835031723076079,0.13940258918275245,2.3000000000000007,0.0
360,23,0.07835031723076079,0.13940258918275245,2.3000000000000007,0.0
361,23,0.07020647183829211,0.13940258918275245,2.3000000000000007,0.0
362,23,0.07020647183829211,0.13940258918275245,2.3000000000000007,0.0
363,23,0.07020647183829211,0.13940258918275245,2.3000000000000007,0.0
364,23,0.07020647183829211,0.13940258918275245,2.3000000000000007,0.0
365,23,0.07020647183829211,0.13940258918275245,2.3000000000000007,0.0
366,24,0.1008103404719681,0.13940258918275245,2.400000000000001,0.0
367,24,0.1008103404719681,0.13940258918275245,2.400000000000001,0.0
368,24,0.1008103404719681,0.13940258918275245,2.400000000000001,0.0
369,24,0.1008103404719681,0.13940258918275245,2.400000000000001,0.0
370,24,0.1008103404719681,0.13940258918275245,2.400000000000001,0.0
371,24,0.11622101797758108,0.13940258918275245,2.400000000000001,0.0
372,24,0.11622101797758108,0.13940258918275245,2.400000000000001,0.0
373,24,0.11622101797758108,0.13940258918275245,2.400000000000001,0.0
374,24,0.11622101797758108,0.13940258918275245,2.400000000000001,0.0
375,24,0.11622101797758108,0.13940258918275245,2.400000000000001,0.0
376,24,0.11622101797758108,0.13940258918275245,2.400000000000001,0.0
377,25,0.10343798682738221,0.13940258918275245,2.500000000000001,0.0
378,25,0.10343798682738221,0.13940258918275245,2.500000000000001,0.0
379,25,0.10343798682738221,0.13940258918275245,2.500000000000001,0.0
380,25,0.10343798682738221,0.13940258918275245,2.500000000000001,0.0
381,25,0.10554464575161354,0.13940258918275245,2.500000000000001,0.0
382,25,0.10554464575161354,0.13940258918275245,2.500000000000001,0.0
383,25,0.10554464575161354,0.13940258918275245,2.500000000000001,0.0
384,25,0.10554464575161354,0.13940258918275245,2.500000000000001,0.0
385,25,0.10554464575161354,0.13940258918275245,2.500000000000001,0.0
386,26,0.1202089259102876,0.13940258918275245,2.600000000000001,0.0
387,26,0.1202089259102876,0.13940258918275245,2.600000000000001,0.0
388,26,0.1202089259102876,0.13940258918275245,2.600000000000001,0.0
389,26,0.1202089259102876,0.13940258918275245,2.600000000000001,0.0
390,26,0.1202089259102876,0.13940258918275245,2.600000000000001,0.0
391,27,0.12913843241153727,0.13940258918275245,2.700000000000001,0.0
392,27,0.12913843241153727,0.13940258918275245,2.700000000000001,0.0
393,27,0.12913843241153727,0.13940258918275245,2.700000000000001,0.0
394,27,0.12913843241153727,0.13940258918275245,2.700000000000001,0.0
395,27,0.12913843241153727,0.13940258918275245,2.700000000000001,0.0
396,27,0.12932285413720004,0.13940258918275245,2.700000000000001,0.0
397,27,0.12932285413720004,0.13940258918275245,2.700000000000001,0.0
398,27,0.12932285413720004,0.13940258918275245,2.700000000000001,0.0
399,27,0.12932285413720004,0.13940258918275245,2.700000000000001,0.0
400,27,0.12932285413720004,0.13940258918275245,2.700000000000001,0.0
401,28,0.12261458140035254,0.13940258918275245,2.800000000000001,0.0
402,28,0.12261458140035254,0.13940258918275245,2.800000000000001,0.0
403,28,0.12261458140035254,0.13940258918275245,2.800000000000001,0.0
404,28,0.12261458140035254,0.13940258918275245,2.800000000000001,0.0
405,28,0.12261458140035254,0.13940258918275245,2.800000000000001,0.0
406,29,0.10987021848562956,0.13940258918275245,2.9000000000000012,0.0
407,29,0.10987021848562956,0.13940258918275245,2.9000000000000012,0.0
408,29,0.10987021848562956,0.13940258918275245,2.9000000000000012,0.0
409,29,0.10987021848562956,0.13940258918275245,2.9000000000000012,0.0
410,29,0.10987021848562956,0.13940258918275245,2.9000000000000012,0.0
411,29,0.11517820357153634,0.13940258918275245,2.9000000000000012,0.0
412,29,0.11517820357153634,0.13940258918275245,2.9000000000000012,0.0
413,29,0.11517820357153634,0.13940258918275245,2.9000000000000012,0.0
414,29,0.11517820357153634,0.13940258918275245,2.9000000000000012,0.0
415,29,0.11517820357153634,0.13940258918275245,2.9000000000000012,0.0
416,30,0.11723100283751867,0.13940258918275245,3.0000000000000013,0.0
417,30,0.11723100283751867,0.13940258918275245,3.0000000000000013,0.0
418,30,0.11723100283751867,0.13940258918275245,3.0000000000000013,0.0
419,30,0.11723100283751867,0.13940258918275245,3.0000000000000013,0.0
420,30,0.11723100283751867,0.13940258918275245,3.0000000000000013,0.0
421,30,0.12584066401989313,0.13940258918275245,3.0000000000000013,0.0
422,30,0.12584066401989313,0.13940258918275245,3.0000000000000013,0.0
423,30,0.12584066401989313,0.13940258918275245,3.0000000000000013,0.0
424,30,0.12584066401989313,0.13940258918275245,3.0000000000000013,0.0
425,30,0.12584066401989313,0.13940258918275245,3.0000000000000013,0.0
426,30,0.12584066401989313,0.13940258918275245,3.0000000000000013,0.0
427,31,0.13038618603289692,0.13940258918275245,3.1000000000000014,0.0
428,31,0.13038618603289692,0.13940258918275245,3.1000000000000014,0.0
429,31,0.13038618603289692,0.13940258918275245,3.1000000000000014,0.0
430,31,0.13038618603289692,0.13940258918275245,3.1000000000000014,0.0
431,31,0.1445247563695244,0.1445247563695244,3.1000000000000014,0.0
432,31,0.1445247563695244,0.1445247563695244,3.1000000000000014,0.0
433,31,0.1445247563695244,0.1445247563695244,3.1000000000000014,0.0
434,31,0.1445247563695244,0.1445247563695244,3.1000000000000014,0.0
435,31,0.1445247563695244,0.1445247563695244,3.1000000000000014,0.0
436,32,0.15736069368037028,0.15736069368037028,3.2000000000000015,0.0
437,32,0.15736069368037028,0.15736069368037028,3.2000000000000015,0.0
438,32,0.15736069368037028,0.15736069368037028,3.2000000000000015,0.0
439,32,0.15736069368037028,0.15736069368037028,3.2000000000000015,0.0
440,32,0.15736069368037028,0.15736069368037028,3.2000000000000015,0.0
441,32,0.15768695726883558,0.15768695726883558,3.2000000000000015,0.0
442,32,0.15768695726883558,0.15768695726883558,3.2000000000000015,0.0
443,32,0.15768695726883558,0.15768695726883558,3.2000000000000015,0.0
444,32,0.15768695726883558,0.15768695726883558,3.2000000000000015,0.0
445,32,0.15768695726883558,0.15768695726883558,3.2000000000000015,0.0
446,33,0.15025756573454277,0.15768695726883558,3.3000000000000016,0.0
447,33,0.15025756573454277,0.15768695726883558,3.3000000000000016,0.0
448,33,0.15025756573454277,0.15768695726883558,3.3000000000000016,0.0
449,33,0.15025756573454277,0.15768695726883558,3.3000000000000016,0.0
450,33,0.15025756573454277,0.15768695726883558,3.3000000000000016,0.0
451,34,0.15500991746547585,0.15768695726883558,3.4000000000000017,0.0
452,34,0.15500991746547585,0.15768695726883558,3.4000000000000017,0.0
453,34,0.15500991746547585,0.15768695726883558,3.4000000000000017,0.0
454,34,0.15500991746547585,0.15768695726883558,3.4000000000000017,0.0
455,34,0.15500991746547585,0.15768695726883558,3.4000000000000017,0.0
456,34,0.15089426190063515,0.15768695726883558,3.4000000000000017,0.0
457,34,0.15089426190063515,0.15768695726883558,3.4000000000000017,0.0
458,34,0.15089426190063515,0.15768695726883558,3.4000000000000017,0.0
459,34,0.15089426190063515,0.15768695726883558,3.4000000000000017,0.0
460,34,0.15089426190063515,0.15768695726883558,3.4000000000000017,0.0
461,35,0.15015197987031054,0.15768695726883558,3.5000000000000018,0.0
462,35,0.15015197987031054,0.15768695726883558,3.5000000000000018,0.0
463,35,0.15015197987031054,0.15768695726883558,3.5000000000000018,0.0
464,35,0.15015197987031054,0.15768695726883558,3.5000000000000018,0.0
465,35,0.15015197987031054,0.15768695726883558,3.5000000000000018,0.0
466,36,0.15148762745885663,0.15768695726883558,3.600000000000002,0.0
467,36,0.15148762745885663,0.15768695726883558,3.600000000000002,0.0
468,36,0.15148762745885663,0.15768695726883558,3.600000000000002,0.0
469,36,0.15148762745885663,0.15768695726883558,3.600000000000002,0.0
470,36,0.15148762745885663,0.15768695726883558,3.600000000000002,0.0
471,36,0.14896279781587277,0.15768695726883558,3.600000000000002,0.0
472,36,0.14896279781587277,0.15768695726883558,3.600000000000002,0.0
473,36,0.14896279781587277,0.15768695726883558,3.600000000000002,0.0
474,36,0.14896279781587277,0.15768695726883558,3.600000000000002,0.0
475,36,0.14896279781587277,0.15768695726883558,3.600000000000002,0.0
476,37,0.15010435500217106,0.15768695726883558,3.700000000000002,0.0
477,37,0.15010435500217106,0.15768695726883558,3.700000000000002,0.0
478,37,0.15010435500217106,0.15768695726883558,3.700000000000002,0.0
479,37,0.15010435500217106,0.15768695726883558,3.700000000000002,0.0
480,37,0.15010435500217106,0.15768695726883558,3.700000000000002,0.0
481,38,0.145032345796286,0.15768695726883558,3.800000000000002,0.0
482,38,0.145032345796286,0.15768695726883558,3.800000000000002,0.0
483,38,0.145032345796286,0.15768695726883558,3.800000000000002,0.0
484,38,0.145032345796286,0.15768695726883558,3.800000000000002,0.0
485,38,0.145032345796286,0.15768695726883558,3.800000000000002,0.0
486,38,0.14358939514717764,0.15768695726883558,3.800000000000002,0.0
487,38,0.14358939514717764,0.15768695726883558,3.800000000000002,0.0
488,38,0.14358939514717764,0.15768695726883558,3.800000000000002,0.0
489,38,0.14358939514717764,0.15768695726883558,3.800000000000002,0.0
490,38,0.14358939514717764,0.15768695726883558,3.800000000000002,0.0
491,39,0.149158976747008,0.15768695726883558,3.900000000000002,0.0
492,39,0.149158976747008,0.15768695726883558,3.900000000000002,0.0
493,39,0.149158976747008,0.15768695726883558,3.900000000000002,0.0
494,39,0.149158976747008,0.15768695726883558,3.900000000000002,0.0
495,39,0.149158976747008,0.15768695726883558,3.900000000000002,0.0
496,39,0.149158976747008,0.15768695726883558,3.900000000000002,0.0
497,39,0.1650865066061062,0.1650865066061062,3.900000000000002,0.0
498,39,0.1650865066061062,0.1650865066061062,3.900000000000002,0.0
499,39,0.1650865066061062,0.1650865066061062,3.900000000000002,0.0
500,39,0.1650865066061062,0.1650865066061062,3.900000000000002,0.0
501,40,0.15505558338809322,0.1650865066061062,4.000000000000002,0.0
502,40,0.15505558338809322,0.1650865066061062,4.000000000000002,0.0
503,40,0.15505558338809322,0.1650865066061062,4.000000000000002,0.0
504,40,0.15505558338809322,0.1650865066061062,4.000000000000002,0.0
505,40,0.15505558338809322,0.1650865066061062,4.000000000000002,0.0
506,41,0.14425811770025004,0.1650865066061062,4.100000000000001,0.0
507,41,0.14425811770025004,0.1650865066061062,4.100000000000001,0.0
508,41,0.14425811770025004,0.1650865066061062,4.100000000000001,0.0
509,41,0.14425811770025004,0.1650865066061062,4.100000000000001,0.0
510,41,0.14425811770025004,0.1650865066061062,4.100000000000001,0.0
511,41,0.13634260325228365,0.1650865066061062,4.100000000000001,0.0
512,41,0.13634260325228365,0.1650865066061062,4.100000000000001,0.0
513,41,0.13634260325228365,0.1650865066061062,4.100000000000001,0.0
514,41,0.13634260325228365,0.1650865066061062,4.100000000000001,0.0
515,41,0.13634260325228365,0.1650865066061062,4.100000000000001,0.0
516,42,0.10750364968760857,0.1650865066061062,4.200000000000001,0.0
517,42,0.10750364968760857,0.1650865066061062,4.200000000000001,0.0
518,42,0.10750364968760857,0.1650865066061062,4.200000000000001,0.0
519,42,0.10750364968760857,0.1650865066061062,4.200000000000001,0.0
520,42,0.10750364968760857,0.1650865066061062,4.200000000000001,0.0
521,43,0.11752168313024607,0.1650865066061062,4.300000000000001,0.0
522,43,0.11752168313024607,0.1650865066061062,4.300000000000001,0.0
523,43,0.11752168313024607,0.1650865066061062,4.300000000000001,0.0
524,43,0.11752168313024607,0.1650865066061062,4.300000000000001,0.0
525,43,0.11752168313024607,0.1650865066061062,4.300000000000001,0.0
526,43,0.10428716559169078,0.1650865066061062,4.300000000000001,0.0
527,43,0.10428716559169078,0.1650865066061062,4.300000000000001,0.0
528,43,0.10428716559169078,0.1650865066061062,4.300000000000001,0.0
529,43,0.10428716559169078,0.1650865066061062,4.300000000000001,0.0
530,43,0.10428716559169078,0.1650865066061062,4.300000000000001,0.0
531,43,0.10428716559169078,0.1650865066061062,4.300000000000001,0.0
532,44,0.06964514303817328,0.1650865066061062,4.4,0.0
533,44,0.06964514303817328,0.1650865066061062,4.4,0.0
534,44,0.06964514303817328,0.1650865066061062,4.4,0.0
535,44,0.06964514303817328,0.1650865066061062,4.4,0.0
536,45,0.06903263193496785,0.1650865066061062,4.5,0.0
537,45,0.06903263193496785,0.1650865066061062,4.5,0.0
538,45,0.06903263193496785,0.1650865066061062,4.5,0.0
539,45,0.06903263193496785,0.1650865066061062,4.5,0.0
540,45,0.06903263193496785,0.1650865066061062,4.5,0.0
541,45,0.05083538629755635,0.1650865066061062,4.5,0.0
542,45,0.05083538629755635,0.1650865066061062,4.5,0.0
543,45,0.05083538629755635,0.1650865066061062,4.5,0.0
544,45,0.05083538629755635,0.1650865066061062,4.5,0.0
545,45,0.05083538629755635,0.1650865066061062,4.5,0.0
546,46,0.026680105989564475,0.1650865066061062,4.6,0.0
547,46,0.026680105989564475,0.1650865066061062,4.6,0.0
548,46,0.026680105989564475,0.1650865066061062,4.6,0.0
549,46,0.026680105989564475,0.1650865066061062,4.6,0.0
550,46,0.026680105989564475,0.1650865066061062,4.6,0.0
551,46,0.04343774427110275,0.1650865066061062,4.6,0.0
552,46,0.04343774427110275,0.1650865066061062,4.6,0.0
553,46,0.04343774427110275,0.1650865066061062,4.6,0.0
554,46,0.04343774427110275,0.1650865066061062,4.6,0.0
555,46,0.04343774427110275,0.1650865066061062,4.6,0.0
556,46,0.04343774427110275,0.1650865066061062,4.6,0.0
557,47,0.015546530080000622,0.1650865066061062,4.699999999999999,0.0
558,47,0.015546530080000622,0.1650865066061062,4.699999999999999,0.0
559,47,0.015546530080000622,0.1650865066061062,4.699999999999999,0.0
560,47,0.015546530080000622,0.1650865066061062,4.699999999999999,0.0
561,48,0.035487535143657996,0.1650865066061062,4.799999999999999,0.0
562,48,0.035487535143657996,0.1650865066061062,4.799999999999999,0.0
563,48,0.035487535143657996,0.1650865066061062,4.799999999999999,0.0
564,48,0.035487535143657996,0.1650865066061062,4.799999999999999,0.0
565,48,0.035487535143657996,0.1650865066061062,4.799999999999999,0.0
566,48,0.035487535143657996,0.1650865066061062,4.799999999999999,0.0
567,49,0.0719535522072959,0.1650865066061062,4.899999999999999,0.0
568,49,0.0719535522072959,0.1650865066061062,4.899999999999999,0.0
569,49,0.0719535522072959,0.1650865066061062,4.899999999999999,0.0
570,49,0.0719535522072959,0.1650865066061062,4.899999999999999,0.0
571,49,0.07091031469244813,0.1650865066061062,4.899999999999999,0.0
572,49,0.07091031469244813,0.1650865066061062,4.899999999999999,0.0
573,49,0.07091031469244813,0.1650865066061062,4.899999999999999,0.0
574,49,0.07091031469244813,0.1650865066061062,4.899999999999999,0.0
575,49,0.07091031469244813,0.1650865066061062,4.899999999999999,0.0
576,50,0.09185104031316824,0.1650865066061062,4.999999999999998,0.0
577,50,0.09185104031316824,0.1650865066061062,4.999999999999998,0.0
578,50,0.09185104031316824,0.1650865066061062,4.999999999999998,0.0
579,50,0.09185104031316824,0.1650865066061062,4.999999999999998,0.0
580,50,0.09185104031316824,0.1650865066061062,4.999999999999998,0.0
581,50,0.09185104031316824,0.1650865066061062,4.999999999999998,0.0
582,51,0.10117598219631611,0.1650865066061062,5.099999999999998,0.0
583,51,0.10117598219631611,0.1650865066061062,5.099999999999998,0.0
584,51,0.10117598219631611,0.1650865066061062,5.099999999999998,0.0
585,51,0.10117598219631611,0.1650865066061062,5.099999999999998,0.0
586,51,0.08453568264871496,0.1650865066061062,5.099999999999998,0.0
587,51,0.08453568264871496,0.1650865066061062,5.099999999999998,0.0
588,51,0.08453568264871496,0.1650865066061062,5.099999999999998,0.0
589,51,0.08453568264871496,0.1650865066061062,5.099999999999998,0.0
590,51,0.08453568264871496,0.1650865066061062,5.099999999999998,0.0
591,52,0.11677096558762169,0.1650865066061062,5.1999999999999975,0.0
592,52,0.11677096558762169,0.1650865066061062,5.1999999999999975,0.0
593,52,0.11677096558762169,0.1650865066061062,5.1999999999999975,0.0
594,52,0.11677096558762169,0.1650865066061062,5.1999999999999975,0.0
595,52,0.11677096558762169,0.1650865066061062,5.1999999999999975,0.0
596,52,0.11637970759807383,0.1650865066061062,5.1999999999999975,0.0
597,52,0.11637970759807383,0.1650865066061062,5.1999999999999975,0.0
598,52,0.11637970759807383,0.1650865066061062,5.1999999999999975,0.0
599,52,0.11637970759807383,0.1650865066061062,5.1999999999999975,0.0
600,52,0.11637970759807383,0.1650865066061062,5.1999999999999975,0.0
601,53,0.12139534425381478,0.1650865066061062,5.299999999999997,0.0
602,53,0.12139534425381478,0.1650865066061062,5.299999999999997,0.0
603,53,0.12139534425381478,0.1650865066061062,5.299999999999997,0.0
604,53,0.12139534425381478,0.1650865066061062,5.299999999999997,0.0
605,53,0.12139534425381478,0.1650865066061062,5.299999999999997,0.0
606,53,0.1376795842193163,0.1650865066061062,5.299999999999997,0.0
607,53,0.1376795842193163,0.1650865066061062,5.299999999999997,0.0
608,53,0.1376795842193163,0.1650865066061062,5.299999999999997,0.0
609,53,0.1376795842193163,0.1650865066061062,5.299999999999997,0.0
610,53,0.1376795842193163,0.1650865066061062,5.299999999999997,0.0
611,54,0.14611272178002385,0.1650865066061062,5.399999999999997,0.0
612,54,0.14611272178002385,0.1650865066061062,5.399999999999997,0.0
613,54,0.14611272178002385,0.1650865066061062,5.399999999999997,0.0
614,54,0.14611272178002385,0.1650865066061062,5.399999999999997,0.0
615,54,0.14611272178002385,0.1650865066061062,5.399999999999997,0.0
616,55,0.15264658892736982,0.1650865066061062,5.4999999999999964,0.0
617,55,0.15264658892736982,0.1650865066061062,5.4999999999999964,0.0
618,55,0.15264658892736982,0.1650865066061062,5.4999999999999964,0.0
619,55,0.15264658892736982,0.1650865066061062,5.4999999999999964,0.0
620,55,0.15264658892736982,0.1650865066061062,5.4999999999999964,0.0
621,56,0.17542476973679058,0.17542476973679058,5.599999999999996,0.0
622,56,0.17542476973679058,0.17542476973679058,5.599999999999996,0.0
623,56,0.17542476973679058,0.17542476973679058,5.599999999999996,0.0
624,56,0.17542476973679058,0.17542476973679058,5.599999999999996,0.0
625,56,0.17542476973679058,0.17542476973679058,5.599999999999996,0.0
626,56,0.18815054139110793,0.18815054139110793,5.599999999999996,0.0
627,56,0.18815054139110793,0.18815054139110793,5.599999999999996,0.0
628,56,0.18815054139110793,0.18815054139110793,5.599999999999996,0.0
629,56,0.18815054139110793,0.18815054139110793,5.599999999999996,0.0
630,56,0.18815054139110793,0.18815054139110793,5.599999999999996,0.0
631,57,0.1928684157378902,0.1928684157378902,5.699999999999996,0.0
632,57,0.1928684157378902,0.1928684157378902,5.699999999999996,0.0
633,57,0.1928684157378902,0.1928684157378902,5.699999999999996,0.0
634,57,0.1928684157378902,0.1928684157378902,5.699999999999996,0.0
635,57,0.1928684157378902,0.1928684157378902,5.699999999999996,0.0
636,58,0.19087028718732696,0.1928684157378902,5.799999999999995,0.0
637,58,0.19087028718732696,0.1928684157378902,5.799999999999995,0.0
638,58,0.19087028718732696,0.1928684157378902,5.799999999999995,0.0
639,58,0.19087028718732696,0.1928684157378902,5.799999999999995,0.0
640,58,0.19087028718732696,0.1928684157378902,5.799999999999995,0.0
641,58,0.1925397915410915,0.1928684157378902,5.799999999999995,0.0
642,58,0.1925397915410915,0.1928684157378902,5.799999999999995,0.0
643,58,0.1925397915410915,0.1928684157378902,5.799999999999995,0.0
644,58,0.1925397915410915,0.1928684157378902,5.799999999999995,0.0
645,58,0.1925397915410915,0.1928684157378902,5.799999999999995,0.0
646,58,0.1925397915410915,0.1928684157378902,5.799999999999995,0.0
647,59,0.19102955180535086,0.1928684157378902,5.899999999999995,0.0
648,59,0.19102955180535086,0.1928684157378902,5.899999999999995,0.0
649,59,0.19102955180535086,0.1928684157378902,5.899999999999995,0.0
650,59,0.19102955180535086,0.1928684157378902,5.899999999999995,0.0
651,59,0.19102955180535086,0.1928684157378902,5.899999999999995,0.0
652,60,0.20185747809028662,0.20185747809028662,5.999999999999995,0.0
653,60,0.20185747809028662,0.20185747809028662,5.999999999999995,0.0
654,60,0.20185747809028662,0.20185747809028662,5.999999999999995,0.0
655,60,0.20185747809028662,0.20185747809028662,5.999999999999995,0.0
656,61,0.20767710591018773,0.20767710591018773,6.099999999999994,0.0
657,61,0.20767710591018773,0.20767710591018773,6.099999999999994,0.0
658,61,0.20767710591018773,0.20767710591018773,6.099999999999994,0.0
659,61,0.20767710591018773,0.20767710591018773,6.099999999999994,0.0
660,61,0.20767710591018773,0.20767710591018773,6.099999999999994,0.0
661,62,0.20258468300821206,0.20767710591018773,6.199999999999994,0.0
662,62,0.20258468300821206,0.20767710591018773,6.199999999999994,0.0
663,62,0.20258468300821206,0.20767710591018773,6.199999999999994,0.0
664,62,0.20258468300821206,0.20767710591018773,6.199999999999994,0.0
665,62,0.20258468300821206,0.20767710591018773,6.199999999999994,0.0
666,62,0.17991300298427174,0.20767710591018773,6.199999999999994,0.0
667,62,0.17991300298427174,0.20767710591018773,6.199999999999994,0.0
668,62,0.17991300298427174,0.20767710591018773,6.199999999999994,0.0
669,62,0.17991300298427174,0.20767710591018773,6.199999999999994,0.0
670,62,0.17991300298427174,0.20767710591018773,6.199999999999994,0.0
671,63,0.16819135386301004,0.20767710591018773,6.299999999999994,0.0
672,63,0.16819135386301004,0.20767710591018773,6.299999999999994,0.0
673,63,0.16819135386301004,0.20767710591018773,6.299999999999994,0.0
674,63,0.16819135386301004,0.20767710591018773,6.299999999999994,0.0
675,63,0.16819135386301004,0.20767710591018773,6.299999999999994,0.0
676,63,0.16819135386301004,0.20767710591018773,6.299999999999994,0.0
677,64,0.1589532960732815,0.20767710591018773,6.399999999999993,0.0
678,64,0.1589532960732815,0.20767710591018773,6.399999999999993,0.0
679,64,0.1589532960732815,0.20767710591018773,6.399999999999993,0.0
680,64,0.1589532960732815,0.20767710591018773,6.399999999999993,0.0
681,64,0.14365687624492007,0.20767710591018773,6.399999999999993,0.0
682,64,0.14365687624492007,0.20767710591018773,6.399999999999993,0.0
683,64,0.14365687624492007,0.20767710591018773,6.399999999999993,0.0
684,64,0.14365687624492007,0.20767710591018773,6.399999999999993,0.0
685,64,0.14365687624492007,0.20767710591018773,6.399999999999993,0.0
686,65,0.10803702751543232,0.20767710591018773,6.499999999999993,0.0
687,65,0.10803702751543232,0.20767710591018773,6.499999999999993,0.0
688,65,0.10803702751543232,0.20767710591018773,6.499999999999993,0.0
689,65,0.10803702751543232,0.20767710591018773,6.499999999999993,0.0
690,65,0.10803702751543232,0.20767710591018773,6.499999999999993,0.0
691,66,0.10094660924715239,0.20767710591018773,6.5999999999999925,0.0
692,66,0.10094660924715239,0.20767710591018773,6.5999999999999925,0.0
693,66,0.10094660924715239,0.20767710591018773,6.5999999999999925,0.0
694,66,0.10094660924715239,0.20767710591018773,6.5999999999999925,0.0
695,66,0.10094660924715239,0.20767710591018773,6.5999999999999925,0.0
696,67,0.09997138862951815,0.20767710591018773,6.699999999999992,0.0
697,67,0.09997138862951815,0.20767710591018773,6.699999999999992,0.0
698,67,0.09997138862951815,0.20767710591018773,6.699999999999992,0.0
699,67,0.09997138862951815,0.20767710591018773,6.699999999999992,0.0
700,67,0.09997138862951815,0.20767710591018773,6.699999999999992,0.0
701,67,0.0898423425786042,0.20767710591018773,6.699999999999992,0.0
702,67,0.0898423425786042,0.20767710591018773,6.699999999999992,0.0
703,67,0.0898423425786042,0.20767710591018773,6.699999999999992,0.0
704,67,0.0898423425786042,0.20767710591018773,6.699999999999992,0.0
705,67,0.0898423425786042,0.20767710591018773,6.699999999999992,0.0
706,68,0.05504839918880965,0.20767710591018773,6.799999999999992,0.0
707,68,0.05504839918880965,0.20767710591018773,6.799999999999992,0.0
708,68,0.05504839918880965,0.20767710591018773,6.799999999999992,0.0
709,68,0.05504839918880965,0.20767710591018773,6.799999999999992,0.0
710,68,0.05504839918880965,0.20767710591018773,6.799999999999992,0.0
711,69,0.038638012730376176,0.20767710591018773,6.8999999999999915,0.0
712,69,0.038638012730376176,0.20767710591018773,6.8999999999999915,0.0
713,69,0.038638012730376176,0.20767710591018773,6.8999999999999915,0.0
714,69,0.038638012730376176,0.20767710591018773,6.8999999999999915,0.0
715,69,0.038638012730376176,0.20767710591018773,6.8999999999999915,0.0
716,70,0.030395584043287766,0.20767710591018773,6.999999999999991,0.0
717,70,0.030395584043287766,0.20767710591018773,6.999999999999991,0.0
718,70,0.030395584043287766,0.20767710591018773,6.999999999999991,0.0
719,70,0.030395584043287766,0.20767710591018773,6.999999999999991,0.0
720,70,0.030395584043287766,0.20767710591018773,6.999999999999991,0.0
721,71,0.03229043757045795,0.20767710591018773,7.099999999999991,0.0
722,71,0.03229043757045795,0.20767710591018773,7.099999999999991,0.0
723,71,0.03229043757045795,0.20767710591018773,7.099999999999991,0.0
724,71,0.03229043757045795,0.20767710591018773,7.099999999999991,0.0
725,71,0.03229043757045795,0.20767710591018773,7.099999999999991,0.0
726,72,0.05449180600389937,0.20767710591018773,7.19999999999999,0.0
727,72,0.05449180600389937,0.20767710591018773,7.19999999999999,0.0
728,72,0.05449180600389937,0.20767710591018773,7.19999999999999,0.0
729,72,0.05449180600389937,0.20767710591018773,7.19999999999999,0.0
730,72,0.05449180600389937,0.20767710591018773,7.19999999999999,0.0
731,72,0.05449180600389937,0.20767710591018773,7.19999999999999,0.0
732,72,0.04821756076430537,0.20767710591018773,7.19999999999999,0.0
733,72,0.04821756076430537,0.20767710591018773,7.19999999999999,0.0
734,72,0.04821756076430537,0.20767710591018773,7.19999999999999,0.0
735,72,0.04821756076430537,0.20767710591018773,7.19999999999999,0.0
736,73,0.05612655061789276,0.20767710591018773,7.29999999999999,0.0
737,73,0.05612655061789276,0.20767710591018773,7.29999999999999,0.0
738,73,0.05612655061789276,0.20767710591018773,7.29999999999999,0.0
739,73,0.05612655061789276,0.20767710591018773,7.29999999999999,0.0
740,73,0.05612655061789276,0.20767710591018773,7.29999999999999,0.0
741,74,0.0662704854165783,0.20767710591018773,7.39999999999999,0.0
742,74,0.0662704854165783,0.20767710591018773,7.39999999999999,0.0
743,74,0.0662704854165783,0.20767710591018773,7.39999999999999,0.0
744,74,0.0662704854165783,0.20767710591018773,7.39999999999999,0.0
745,74,0.0662704854165783,0.20767710591018773,7.39999999999999,0.0
746,75,0.08671263857173044,0.20767710591018773,7.499999999999989,0.0
747,75,0.08671263857173044,0.20767710591018773,7.499999999999989,0.0
748,75,0.08671263857173044,0.20767710591018773,7.499999999999989,0.0
749,75,0.08671263857173044,0.20767710591018773,7.499999999999989,0.0
750,75,0.08671263857173044,0.20767710591018773,7.499999999999989,0.0
751,76,0.10863739163116545,0.20767710591018773,7.599999999999989,0.0
752,76,0.10863739163116545,0.20767710591018773,7.599999999999989,0.0
753,76,0.10863739163116545,0.20767710591018773,7.599999999999989,0.0
754,76,0.10863739163116545,0.20767710591018773,7.599999999999989,0.0
755,76,0.10863739163116545,0.20767710591018773,7.599999999999989,0.0
756,76,0.11578946793744267,0.20767710591018773,7.599999999999989,0.0
757,76,0.11578946793744267,0.20767710591018773,7.599999999999989,0.0
758,76,0.11578946793744267,0.20767710591018773,7.599999999999989,0.0
759,76,0.11578946793744267,0.20767710591018773,7.599999999999989,0.0
760,76,0.11578946793744267,0.20767710591018773,7.599999999999989,0.0
761,77,0.12123206041095892,0.20767710591018773,7.699999999999989,0.0
762,77,0.12123206041095892,0.20767710591018773,7.699999999999989,0.0
763,77,0.12123206041095892,0.20767710591018773,7.699999999999989,0.0
764,77,0.12123206041095892,0.20767710591018773,7.699999999999989,0.0
765,77,0.12123206041095892,0.20767710591018773,7.699999999999989,0.0
766,78,0.1123890985853512,0.20767710591018773,7.799999999999988,0.0
767,78,0.1123890985853512,0.20767710591018773,7.799999999999988,0.0
768,78,0.1123890985853512,0.20767710591018773,7.799999999999988,0.0
769,78,0.1123890985853512,0.20767710591018773,7.799999999999988,0.0
770,78,0.1123890985853512,0.20767710591018773,7.799999999999988,0.0
771,78,0.1123890985853512,0.20767710591018773,7.799999999999988,0.0
772,79,0.12283709483699008,0.20767710591018773,7.899999999999988,0.0
773,79,0.12283709483699008,0.20767710591018773,7.899999999999988,0.0
774,79,0.12283709483699008,0.20767710591018773,7.899999999999988,0.0
775,79,0.12283709483699008,0.20767710591018773,7.899999999999988,0.0
776,80,0.13378224532578853,0.20767710591018773,7.999999999999988,0.0
777,80,0.13378224532578853,0.20767710591018773,7.999999999999988,0.0
778,80,0.13378224532578853,0.20767710591018773,7.999999999999988,0.0
779,80,0.13378224532578853,0.20767710591018773,7.999999999999988,0.0
780,80,0.13378224532578853,0.20767710591018773,7.999999999999988,0.0
781,80,0.14489641229745853,0.20767710591018773,7.999999999999988,0.0
782,80,0.14489641229745853,0.20767710591018773,7.999999999999988,0.0
783,80,0.14489641229745853,0.20767710591018773,7.999999999999988,0.0
784,80,0.14489641229745853,0.20767710591018773,7.999999999999988,0.0
785,80,0.14489641229745853,0.20767710591018773,7.999999999999988,0.0
786,81,0.14524864400990967,0.20767710591018773,8.099999999999987,0.0
787,81,0.14524864400990967,0.20767710591018773,8.099999999999987,0.0
788,81,0.14524864400990967,0.20767710591018773,8.099999999999987,0.0
789,81,0.14524864400990967,0.20767710591018773,8.099999999999987,0.0
790,81,0.14524864400990967,0.20767710591018773,8.099999999999987,0.0
791,81,0.14524864400990967,0.20767710591018773,8.099999999999987,0.0
792,82,0.14716550639464188,0.20767710591018773,8.199999999999987,0.0
793,82,0.14716550639464188,0.20767710591018773,8.199999999999987,0.0
794,82,0.14716550639464188,0.20767710591018773,8.199999999999987,0.0
795,82,0.14716550639464188,0.20767710591018773,8.199999999999987,0.0
796,83,0.1624511818458999,0.20767710591018773,8.299999999999986,0.0
797,83,0.1624511818458999,0.20767710591018773,8.299999999999986,0.0
798,83,0.1624511818458999,0.20767710591018773,8.299999999999986,0.0
799,83,0.1624511818458999,0.20767710591018773,8.299999999999986,0.0
800,83,0.1624511818458999,0.20767710591018773,8.299999999999986,0.0
801,83,0.17573622802315716,0.20767710591018773,8.299999999999986,0.0
802,83,0.17573622802315716,0.20767710591018773,8.299999999999986,0.0
803,83,0.17573622802315716,0.20767710591018773,8.299999999999986,0.0
804,83,0.17573622802315716,0.20767710591018773,8.299999999999986,0.0
805,83,0.17573622802315716,0.20767710591018773,8.299999999999986,0.0
806,84,0.1421663900990837,0.20767710591018773,8.399999999999986,0.0
807,84,0.1421663900990837,0.20767710591018773,8.399999999999986,0.0
808,84,0.1421663900990837,0.20767710591018773,8.399999999999986,0.0
809,84,0.1421663900990837,0.20767710591018773,8.399999999999986,0.0
810,84,0.1421663900990837,0.20767710591018773,8.399999999999986,0.0
811,85,0.12157491260898015,0.20767710591018773,8.499999999999986,0.0
812,85,0.12157491260898015,0.20767710591018773,8.499999999999986,0.0
813,85,0.12157491260898015,0.20767710591018773,8.499999999999986,0.0
814,85,0.12157491260898015,0.20767710591018773,8.499999999999986,0.0
815,85,0.12157491260898015,0.20767710591018773,8.499999999999986,0.0
816,86,0.10059296173311334,0.20767710591018773,8.599999999999985,0.0
817,86,0.10059296173311334,0.20767710591018773,8.599999999999985,0.0
818,86,0.10059296173311334,0.20767710591018773,8.599999999999985,0.0
819,86,0.10059296173311334,0.20767710591018773,8.599999999999985,0.0
820,86,0.10059296173311334,0.20767710591018773,8.599999999999985,0.0
821,87,0.10442131106066907,0.20767710591018773,8.699999999999985,0.0
822,87,0.10442131106066907,0.20767710591018773,8.699999999999985,0.0
823,87,0.10442131106066907,0.20767710591018773,8.699999999999985,0.0
824,87,0.10442131106066907,0.20767710591018773,8.699999999999985,0.0
825,87,0.10442131106066907,0.20767710591018773,8.699999999999985,0.0
826,88,0.10696250286241009,0.20767710591018773,8.799999999999985,0.0
827,88,0.10696250286241009,0.20767710591018773,8.799999999999985,0.0
828,88,0.10696250286241009,0.20767710591018773,8.799999999999985,0.0
829,88,0.10696250286241009,0.20767710591018773,8.799999999999985,0.0
830,88,0.10696250286241009,0.20767710591018773,8.799999999999985,0.0
831,88,0.08626269130960412,0.20767710591018773,8.799999999999985,0.0
832,88,0.08626269130960412,0.20767710591018773,8.799999999999985,0.0
833,88,0.08626269130960412,0.20767710591018773,8.799999999999985,0.0
834,88,0.08626269130960412,0.20767710591018773,8.799999999999985,0.0
835,88,0.08626269130960412,0.20767710591018773,8.799999999999985,0.0
836,89,0.07154392747114535,0.20767710591018773,8.899999999999984,0.0
837,89,0.07154392747114535,0.20767710591018773,8.899999999999984,0.0
838,89,0.07154392747114535,0.20767710591018773,8.899999999999984,0.0
839,89,0.07154392747114535,0.20767710591018773,8.899999999999984,0.0
840,89,0.07154392747114535,0.20767710591018773,8.899999999999984,0.0
841,90,0.06891856367782186,0.20767710591018773,8.999999999999984,0.0
842,90,0.06891856367782186,0.20767710591018773,8.999999999999984,0.0
843,90,0.06891856367782186,0.20767710591018773,8.999999999999984,0.0
844,90,0.06891856367782186,0.20767710591018773,8.999999999999984,0.0
845,90,0.06891856367782186,0.20767710591018773,8.999999999999984,0.0
846,91,0.06830287034429613,0.20767710591018773,9.099999999999984,0.0
847,91,0.06830287034429613,0.20767710591018773,9.099999999999984,0.0
